idDonor,donor_idOrg,firstName,lastName,street,city,state,email
1,3,Roscoe,Casazza,37511 Loftsgordon Plaza,Laredo,TX,rcasazza0@prnewswire.com
2,33,Zane,Brenston,67017 Utah Hill,Cedar Rapids,IA,zbrenston1@yale.edu
3,122,Georgia,Raddenbury,15132 Basil Way,Palo Alto,CA,graddenbury2@github.com
4,20,Cristabel,Kitchingman,335 Mendota Parkway,Washington,DC,ckitchingman3@webmd.com
5,119,Savina,Travers,44 Gerald Terrace,Saint Paul,MN,stravers4@phoca.cz
6,15,Adeline,Perin,172 Badeau Hill,Pittsburgh,PA,aperin5@istockphoto.com
7,42,Teodoor,Murfin,525 Bowman Plaza,Monticello,MN,tmurfin6@theatlantic.com
8,147,Ken,Swaine,36578 Surrey Alley,Atlanta,GA,kswaine7@statcounter.com
9,151,Gregoor,Waterhowse,029 Dahle Way,Charlotte,NC,gwaterhowse8@sohu.com
10,99,Kath,Ingledow,6 Transport Road,Jeffersonville,IN,kingledow9@example.com
11,140,Iago,Lindemann,33659 Russell Trail,Washington,DC,ilindemanna@cafepress.com
12,132,Pryce,Cassius,36 Scott Center,Tacoma,WA,pcassiusb@eventbrite.com
13,32,Dalton,Billyard,2941 Heffernan Way,Orlando,FL,dbillyardc@vistaprint.com
14,142,Web,Kingsnode,446 Macpherson Court,Kissimmee,FL,wkingsnoded@kickstarter.com
15,101,Homere,Mattusevich,737 International Parkway,Sunnyvale,CA,hmattuseviche@domainmarket.com
16,24,Giustino,Widmore,40723 Manufacturers Place,Colorado Springs,CO,gwidmoref@jiathis.com
17,6,Sophi,Lavery,8887 Dawn Lane,Baltimore,MD,slaveryg@wisc.edu
18,111,Aubry,Valasek,4 Magdeline Parkway,Troy,MI,avalasekh@tripadvisor.com
19,46,Corilla,Loos,6 Buell Alley,Philadelphia,PA,cloosi@example.com
20,72,Trista,Houten,7 Golf Lane,Phoenix,AZ,thoutenj@shinystat.com
21,66,Brady,Issitt,953 Arizona Junction,Detroit,MI,bissittk@toplist.cz
22,146,Justinn,Brazelton,13 Hallows Trail,El Paso,TX,jbrazeltonl@soup.io
23,146,Lamont,Chasles,6 Dennis Pass,Gadsden,AL,lchaslesm@wsj.com
24,149,Shellysheldon,Kippax,67044 Continental Park,Bethesda,MD,skippaxn@jugem.jp
25,61,Lazar,Gaven,8 Mosinee Lane,Fresno,CA,lgaveno@example.com
26,85,Laurel,Cavy,69 Utah Pass,Philadelphia,PA,lcavyp@elegantthemes.com
27,46,Kimberli,Paiton,75 Summerview Plaza,Washington,DC,kpaitonq@printfriendly.com
28,85,Tades,Kubiczek,0904 Becker Court,Milwaukee,WI,tkubiczekr@alexa.com
29,92,Jules,Lewens,2 Marquette Avenue,Austin,TX,jlewenss@sogou.com
30,104,Ricoriki,Lapthorne,86 Kropf Alley,Colorado Springs,CO,rlapthornet@hp.com
31,121,Kellby,Gelly,3381 Havey Pass,Boston,MA,kgellyu@ameblo.jp
32,67,Tommi,Daspar,39803 Oakridge Street,Lubbock,TX,tdasparv@blogspot.com
33,78,Binni,Elwyn,6 Pawling Terrace,Mobile,AL,belwynw@histats.com
34,42,Drucill,Camlin,0 Forest Run Terrace,Sunnyvale,CA,dcamlinx@intel.com
35,85,Hayes,Overstreet,26 Northport Trail,Fort Worth,TX,hoverstreety@storify.com
36,41,Washington,Facey,16007 Ridgeway Plaza,Simi Valley,CA,wfaceyz@va.gov
37,31,Fleur,Shivell,5 Tomscot Hill,Spring,TX,fshivell10@wikimedia.org
38,131,Andrus,Diggar,52429 Bunker Hill Hill,Houston,TX,adiggar11@chron.com
39,142,Zorine,Northcliffe,98 American Ash Alley,El Paso,TX,znorthcliffe12@redcross.org
40,61,Mariann,Birnie,195 Browning Avenue,Atlanta,GA,mbirnie13@flickr.com
41,26,Carlie,Rogeron,666 Kipling Parkway,Irvine,CA,crogeron14@psu.edu
42,26,Florentia,Perel,335 Twin Pines Pass,Spring,TX,fperel15@scribd.com
43,150,Rodolfo,Flisher,45 Stoughton Center,Las Vegas,NV,rflisher16@multiply.com
44,91,Karylin,Roseaman,1 Columbus Terrace,New York City,NY,kroseaman17@spotify.com
45,53,Marielle,Cufley,9852 Brentwood Place,Port Charlotte,FL,mcufley18@stumbleupon.com
46,131,Benjie,Studholme,8822 Manitowish Crossing,New York City,NY,bstudholme19@phoca.cz
47,100,Nial,Matteoli,9749 Forest Alley,Washington,DC,nmatteoli1a@alexa.com
48,47,Alric,Witchell,6232 Linden Street,Inglewood,CA,awitchell1b@163.com
49,56,Chelsey,Stirton,57411 Ludington Way,New Orleans,LA,cstirton1c@squidoo.com
50,126,Franchot,Khadir,6431 Thompson Circle,Olympia,WA,fkhadir1d@google.de
51,150,Roze,Cutchey,6190 Forest Dale Terrace,Beaumont,TX,rcutchey1e@goodreads.com
52,77,Armand,Dymick,9223 Walton Drive,Miami,FL,adymick1f@live.com
53,88,Marnie,Ferguson,37 Meadow Valley Crossing,New Orleans,LA,mferguson1g@nationalgeographic.com
54,3,Harriot,Ferrelli,2 Hollow Ridge Junction,Pensacola,FL,hferrelli1h@csmonitor.com
55,111,Beaufort,Stears,82818 Mayer Hill,Boise,ID,bstears1i@google.com
56,136,Carmine,Mannagh,7237 Clove Hill,Independence,MO,cmannagh1j@aol.com
57,114,Caroline,Fife,30214 Sunnyside Street,Birmingham,AL,cfife1k@bigcartel.com
58,61,Ringo,Bowling,98 Welch Plaza,Phoenix,AZ,rbowling1l@bing.com
59,101,Alic,Moysey,3534 Union Junction,Littleton,CO,amoysey1m@latimes.com
60,60,Onfroi,Rubel,6 Del Mar Crossing,Anaheim,CA,orubel1n@simplemachines.org
61,122,Diarmid,Barley,1098 Luster Trail,Green Bay,WI,dbarley1o@t-online.de
62,14,Pat,Hagergham,432 Schiller Road,Tampa,FL,phagergham1p@booking.com
63,147,Ned,Reed,07 Marcy Lane,Fresno,CA,nreed1q@microsoft.com
64,130,Davin,Shimony,9 Lyons Pass,Chicago,IL,dshimony1r@uol.com.br
65,61,Westley,O'Hannay,1 Meadow Valley Street,Erie,PA,wohannay1s@moonfruit.com
66,97,Rex,Gerssam,90429 Pawling Crossing,Charleston,WV,rgerssam1t@google.com.br
67,78,Giulio,Keneford,7806 Norway Maple Center,Tuscaloosa,AL,gkeneford1u@wikipedia.org
68,146,Malissa,Guitt,778 Old Gate Pass,Wilmington,DE,mguitt1v@noaa.gov
69,97,Lizette,Paternoster,3981 Clyde Gallagher Court,Indianapolis,IN,lpaternoster1w@china.com.cn
70,132,Danni,Shovelin,736 Hoepker Court,Saint Cloud,MN,dshovelin1x@so-net.ne.jp
71,124,Ernaline,Yakutin,9 Algoma Junction,Harrisburg,PA,eyakutin1y@netlog.com
72,138,Frans,Cottham,4 Pawling Avenue,Washington,DC,fcottham1z@desdev.cn
73,99,Tiffany,Eldritt,298 Northland Alley,Pittsburgh,PA,teldritt20@thetimes.co.uk
74,75,Hilario,Stopford,1511 Meadow Vale Crossing,Santa Fe,NM,hstopford21@marriott.com
75,43,Valencia,Stopforth,288 Gulseth Drive,Houston,TX,vstopforth22@blogtalkradio.com
76,157,Margy,Becaris,2 Ridgeway Hill,Hartford,CT,mbecaris23@unblog.fr
77,72,Shaw,Airs,4537 Ronald Regan Trail,Seattle,WA,sairs24@usa.gov
78,160,Britteny,Ghilks,2 Maple Wood Alley,El Paso,TX,bghilks25@liveinternet.ru
79,94,Athena,Entres,992 Eastwood Lane,Washington,DC,aentres26@fotki.com
80,104,Lemar,Scotchmor,8 Larry Plaza,Miami,FL,lscotchmor27@wired.com
81,156,Yankee,Musla,78 Blue Bill Park Park,Oklahoma City,OK,ymusla28@dedecms.com
82,64,Bord,Blundel,63 Coolidge Plaza,Tacoma,WA,bblundel29@livejournal.com
83,43,Nikola,Lantiffe,5 Westerfield Pass,Madison,WI,nlantiffe2a@statcounter.com
84,110,Rivalee,Dobrovolny,7051 Mccormick Way,Santa Fe,NM,rdobrovolny2b@youtu.be
85,70,Travers,Hamblington,54424 Petterle Alley,Shawnee Mission,KS,thamblington2c@sohu.com
86,105,Byrom,Boow,36012 Ridgeview Circle,Louisville,KY,bboow2d@networksolutions.com
87,115,Veriee,Jacklin,05370 Miller Place,Wilmington,DE,vjacklin2e@ihg.com
88,89,Colleen,Beaty,4 Spenser Pass,Detroit,MI,cbeaty2f@facebook.com
89,92,Vinni,De Morena,9139 Butternut Way,Greenville,SC,vdemorena2g@salon.com
90,74,Angel,Gier,036 Anzinger Lane,Aurora,CO,agier2h@blogs.com
91,10,Aurilia,Lindwasser,07797 New Castle Center,Roanoke,VA,alindwasser2i@slate.com
92,147,Reamonn,Vearncomb,381 Mayfield Court,Denver,CO,rvearncomb2j@wordpress.com
93,92,Panchito,Cash,5799 Mallard Crossing,Norfolk,VA,pcash2k@stumbleupon.com
94,151,Janeen,Gaitung,22567 Moulton Drive,New York City,NY,jgaitung2l@digg.com
95,121,Enid,Liversage,8 Katie Road,Gadsden,AL,eliversage2m@chicagotribune.com
96,7,Fairleigh,Whitaker,25366 Lyons Alley,Miami,FL,fwhitaker2n@ameblo.jp
97,15,Bria,Lowater,2396 Bluejay Plaza,Augusta,GA,blowater2o@berkeley.edu
98,39,Beth,Silverston,5763 Sommers Junction,North Hollywood,CA,bsilverston2p@simplemachines.org
99,157,Angelia,Sara,43105 Golf View Plaza,Denver,CO,asara2q@hibu.com
100,119,Scotty,Flacknell,0 Old Gate Terrace,San Antonio,TX,sflacknell2r@quantcast.com
101,125,Sybille,Blaskett,481 Monica Center,Detroit,MI,sblaskett2s@creativecommons.org
102,124,Marleah,Guare,215 Columbus Avenue,Pinellas Park,FL,mguare2t@cbsnews.com
103,133,Nadean,Vannacci,0 Bowman Parkway,Huntington,WV,nvannacci2u@fc2.com
104,98,Sapphire,Aguirre,1399 Garrison Pass,Raleigh,NC,saguirre2v@gizmodo.com
105,61,Mae,Richly,3 Lindbergh Park,Washington,DC,mrichly2w@ocn.ne.jp
106,135,Giles,Curtoys,84 Stang Court,Portland,OR,gcurtoys2x@domainmarket.com
107,125,Caron,Isaksson,0454 Spaight Trail,Saint Louis,MO,cisaksson2y@biblegateway.com
108,77,Adiana,Dodamead,612 Esch Court,Springfield,IL,adodamead2z@wired.com
109,53,Jarred,Drinkale,95487 Graceland Street,Dallas,TX,jdrinkale30@weebly.com
110,90,Laird,Proven,68353 Kings Road,Bethesda,MD,lproven31@discovery.com
111,130,Van,McIlrath,12 Erie Circle,Austin,TX,vmcilrath32@pagesperso-orange.fr
112,99,Korrie,Blitzer,33 Morningstar Parkway,Waco,TX,kblitzer33@jigsy.com
113,92,Tobi,Washtell,5268 Service Way,Houston,TX,twashtell34@nytimes.com
114,126,Elsi,Wragge,2768 Kenwood Center,Van Nuys,CA,ewragge35@dagondesign.com
115,4,Dorelia,Flasby,3841 Barnett Lane,Trenton,NJ,dflasby36@domainmarket.com
116,16,Sari,Worham,59745 Lien Circle,Bridgeport,CT,sworham37@google.pl
117,66,Hedwig,Grass,4 Sunbrook Crossing,Springfield,IL,hgrass38@artisteer.com
118,52,Brit,Phipard-Shears,976 Aberg Center,Lexington,KY,bphipardshears39@harvard.edu
119,84,Odell,Moyse,2088 Bonner Place,Philadelphia,PA,omoyse3a@histats.com
120,42,Bordie,Yousef,245 Arapahoe Court,Buffalo,NY,byousef3b@google.com
121,2,Sampson,Wedge,93564 Scoville Drive,Houston,TX,swedge3c@opensource.org
122,65,Langston,Abrahmovici,8928 Nevada Junction,Saint Louis,MO,labrahmovici3d@upenn.edu
123,29,Teddie,Ladlow,30 Maywood Plaza,Irving,TX,tladlow3e@omniture.com
124,54,Livvie,Mazin,1461 Farwell Alley,Birmingham,AL,lmazin3f@npr.org
125,41,Inge,Coenraets,1 Sutteridge Point,El Paso,TX,icoenraets3g@wikimedia.org
126,113,Dennie,Scase,12790 Dottie Trail,Memphis,TN,dscase3h@amazonaws.com
127,151,Erv,Muat,05446 Lindbergh Parkway,Young America,MN,emuat3i@yahoo.co.jp
128,79,Carolynn,Masson,2361 Forest Run Park,Houston,TX,cmasson3j@tiny.cc
129,87,Meaghan,Spare,39989 Parkside Lane,Washington,DC,mspare3k@microsoft.com
130,71,Griffie,Ludye,770 Carey Circle,Stockton,CA,gludye3l@1688.com
131,102,Boot,Caldeiro,393 Pierstorff Lane,Baton Rouge,LA,bcaldeiro3m@google.co.jp
132,58,Lyndel,Canti,82 Union Circle,New York City,NY,lcanti3n@fotki.com
133,54,Essa,Slimme,01731 Sugar Road,Jacksonville,FL,eslimme3o@kickstarter.com
134,3,Cleopatra,Thornally,9714 Loftsgordon Plaza,Greensboro,NC,cthornally3p@github.com
135,38,Claudette,Ciccerale,2 8th Park,Birmingham,AL,cciccerale3q@csmonitor.com
136,136,Kiley,Rannigan,64348 Norway Maple Center,Akron,OH,krannigan3r@hexun.com
137,155,Ceciley,Erswell,579 Monterey Junction,Erie,PA,cerswell3s@t.co
138,147,Timmy,Moors,95 Sutteridge Circle,Kansas City,MO,tmoors3t@newsvine.com
139,144,Neddie,Puttan,58 Village Green Terrace,Las Vegas,NV,nputtan3u@alibaba.com
140,46,Hally,Leitch,940 Valley Edge Circle,Pittsburgh,PA,hleitch3v@opera.com
141,49,Sal,Kinforth,20017 Jay Circle,College Station,TX,skinforth3w@slideshare.net
142,45,Travis,Antoniak,452 Clyde Gallagher Road,Salt Lake City,UT,tantoniak3x@geocities.jp
143,158,Kerwinn,Wrey,37 Manitowish Alley,Washington,DC,kwrey3y@time.com
144,148,Waite,Leeds,42 Fordem Place,Cedar Rapids,IA,wleeds3z@imdb.com
145,61,Gallard,Prinne,77604 Barnett Center,Phoenix,AZ,gprinne40@ehow.com
146,145,Augustine,Crickmer,92481 Nova Trail,Watertown,MA,acrickmer41@nba.com
147,21,Gavrielle,Gravell,07131 Sutteridge Drive,Saint Paul,MN,ggravell42@blogspot.com
148,75,Beatrice,Van Saltsberg,19 Basil Trail,Chicago,IL,bvansaltsberg43@photobucket.com
149,81,Dona,Fonso,2931 Ridgeview Trail,Montgomery,AL,dfonso44@ning.com
150,53,Elfrieda,Urwen,6773 Alpine Way,Milwaukee,WI,eurwen45@businessinsider.com
151,2,Mariel,Doohey,6971 Spaight Road,Madison,WI,mdoohey46@angelfire.com
152,55,Laryssa,Stille,909 Mandrake Avenue,Newark,NJ,lstille47@xrea.com
153,28,Berny,Wabersinke,37 Iowa Alley,Durham,NC,bwabersinke48@nasa.gov
154,121,Scottie,Brooke,1 Lawn Junction,Decatur,GA,sbrooke49@plala.or.jp
155,107,Coralyn,Walsh,48 Oneill Way,Rockford,IL,cwalsh4a@unesco.org
156,83,Ingeborg,Langeley,917 Dorton Court,Jamaica,NY,ilangeley4b@pagesperso-orange.fr
157,149,Pavlov,Shovlar,086 Coolidge Trail,San Antonio,TX,pshovlar4c@businessweek.com
158,85,Bendicty,Seedhouse,0942 Pennsylvania Lane,Scottsdale,AZ,bseedhouse4d@globo.com
159,126,Janela,Gager,84 Ramsey Parkway,Columbia,SC,jgager4e@ning.com
160,9,Konrad,Eldred,3 Lighthouse Bay Way,Phoenix,AZ,keldred4f@opensource.org
161,118,Wells,Jennens,337 Butternut Court,Washington,DC,wjennens4g@storify.com
162,7,Boniface,Sperry,101 Delladonna Parkway,Arlington,TX,bsperry4h@gov.uk
163,90,Ronalda,Craythorn,2127 Saint Paul Park,Amarillo,TX,rcraythorn4i@jalbum.net
164,84,Cedric,Laville,01056 Hoepker Lane,Raleigh,NC,claville4j@wisc.edu
165,112,Caron,Carvil,8123 Hermina Lane,Topeka,KS,ccarvil4k@nhs.uk
166,122,Kevina,Pyford,44 Roth Drive,Springfield,MA,kpyford4l@pen.io
167,17,Rora,Flecknoe,1694 Sheridan Lane,Minneapolis,MN,rflecknoe4m@accuweather.com
168,51,Blair,Mallabone,060 Maple Alley,Stockton,CA,bmallabone4n@shareasale.com
169,41,Marian,Benck,5800 Welch Parkway,Stockton,CA,mbenck4o@people.com.cn
170,96,Magnum,Ready,70 Pierstorff Avenue,Akron,OH,mready4p@devhub.com
171,141,Emilie,Guerrier,83 Columbus Terrace,San Diego,CA,eguerrier4q@berkeley.edu
172,90,Blakelee,Frounks,4974 Linden Terrace,Fort Wayne,IN,bfrounks4r@intel.com
173,73,Christin,Clavey,95705 Mosinee Junction,Houston,TX,cclavey4s@smugmug.com
174,78,Joelie,Sessions,5257 Shoshone Center,Lexington,KY,jsessions4t@flickr.com
175,153,Udall,Uttridge,62 Hallows Lane,Columbia,SC,uuttridge4u@lycos.com
176,7,Inglebert,Boolsen,87 Jenifer Road,Omaha,NE,iboolsen4v@boston.com
177,49,Ansel,Dainty,571 1st Court,Battle Creek,MI,adainty4w@nbcnews.com
178,70,Benedikt,Oxbe,535 Commercial Place,Atlanta,GA,boxbe4x@comsenz.com
179,143,Odille,Capelin,726 Hazelcrest Lane,Akron,OH,ocapelin4y@ebay.com
180,96,Renata,Astill,7170 Commercial Plaza,Fort Lauderdale,FL,rastill4z@japanpost.jp
181,47,Damara,Noot,27180 Loftsgordon Terrace,Greensboro,NC,dnoot50@vk.com
182,91,Joanie,Carmel,30 Crest Line Street,San Francisco,CA,jcarmel51@bloglines.com
183,109,Kathi,Sterricks,4 Fair Oaks Circle,Cincinnati,OH,ksterricks52@disqus.com
184,149,Doe,Willmont,150 Sundown Parkway,Tucson,AZ,dwillmont53@mlb.com
185,12,Sibilla,Tromans,09 Algoma Way,New Orleans,LA,stromans54@github.io
186,103,Noby,Bissex,01 Quincy Road,Odessa,TX,nbissex55@g.co
187,33,Peadar,Lemarie,2 Blue Bill Park Circle,Anchorage,AK,plemarie56@histats.com
188,47,Kurtis,Le Guin,0168 Kings Terrace,Denver,CO,kleguin57@mtv.com
189,88,Berkie,Ineson,487 Clove Hill,Austin,TX,bineson58@plala.or.jp
190,161,Leonie,Chattoe,592 Amoth Street,Fort Worth,TX,lchattoe59@va.gov
191,21,Marena,Sherme,4140 Vidon Drive,Saint Petersburg,FL,msherme5a@people.com.cn
192,67,Alex,Gouch,50 Talisman Point,Knoxville,TN,agouch5b@ifeng.com
193,144,Ruthann,Skellen,185 Hayes Avenue,Corpus Christi,TX,rskellen5c@hao123.com
194,65,Ceil,Geard,7694 Leroy Point,Oklahoma City,OK,cgeard5d@wikia.com
195,115,Sherri,Richter,2 Dahle Lane,Trenton,NJ,srichter5e@artisteer.com
196,19,Row,Saynor,769 Longview Avenue,Albuquerque,NM,rsaynor5f@ed.gov
197,159,Mychal,Grout,2 Utah Way,Peoria,IL,mgrout5g@addthis.com
198,97,Bancroft,Cains,80 Maywood Circle,Tucson,AZ,bcains5h@engadget.com
199,45,Tabb,Gradly,95 Haas Avenue,Petaluma,CA,tgradly5i@cnbc.com
200,51,Tandi,Spring,70 Merchant Lane,Fort Lauderdale,FL,tspring5j@squidoo.com
201,2,Mathe,Fromont,8889 Nancy Alley,Memphis,TN,mfromont5k@webmd.com
202,24,Mildred,Ritzman,7 Northfield Pass,Pueblo,CO,mritzman5l@cnet.com
203,88,Enrica,Cockman,610 Russell Center,Athens,GA,ecockman5m@google.ca
204,48,Shandie,Kelf,88337 Vidon Way,Macon,GA,skelf5n@paginegialle.it
205,3,Benjamin,Hatherill,98 Bunker Hill Drive,Alexandria,VA,bhatherill5o@foxnews.com
206,54,Birk,Minshull,1363 Mesta Drive,Albany,NY,bminshull5p@fda.gov
207,94,Eduino,Langmuir,85 2nd Junction,Toledo,OH,elangmuir5q@acquirethisname.com
208,86,Conrad,Blockley,00799 Stang Pass,Hartford,CT,cblockley5r@ameblo.jp
209,115,Maximilien,Schubart,0 Superior Circle,Huntington Beach,CA,mschubart5s@ow.ly
210,135,Bearnard,Vischi,115 Cambridge Pass,Indianapolis,IN,bvischi5t@intel.com
211,62,Elwood,Aspinal,2 Northwestern Crossing,Boston,MA,easpinal5u@bravesites.com
212,5,Dorella,Cattini,071 Cottonwood Street,Philadelphia,PA,dcattini5v@infoseek.co.jp
213,132,Leda,Billington,54 Superior Plaza,Savannah,GA,lbillington5w@sakura.ne.jp
214,126,Sharia,Fosh,69 Barnett Place,Honolulu,HI,sfosh5x@cloudflare.com
215,151,Anestassia,Fairweather,3360 Alpine Lane,San Diego,CA,afairweather5y@cargocollective.com
216,35,Ardyce,Francois,82 West Hill,Conroe,TX,afrancois5z@mediafire.com
217,5,Vasily,Machel,5264 Melrose Circle,Erie,PA,vmachel60@google.fr
218,57,Arnie,Lashford,355 Lake View Point,Alexandria,VA,alashford61@multiply.com
219,92,Robinet,Siseland,6068 Towne Circle,Bronx,NY,rsiseland62@comsenz.com
220,26,Francklyn,Oleksiak,47390 Declaration Hill,Los Angeles,CA,foleksiak63@newsvine.com
221,95,De,Antonov,26957 Monument Avenue,Portland,OR,dantonov64@toplist.cz
222,81,Elvina,Aiskrigg,775 Springs Alley,Clearwater,FL,eaiskrigg65@columbia.edu
223,143,Jimmy,Goodson,69 Golf Course Place,Atlanta,GA,jgoodson66@java.com
224,102,Jodee,Donativo,89 Memorial Drive,Lexington,KY,jdonativo67@berkeley.edu
225,89,Rora,Brooker,9287 Arizona Street,Kansas City,MO,rbrooker68@oakley.com
226,16,Wilt,Hanigan,0 Granby Pass,Youngstown,OH,whanigan69@statcounter.com
227,137,Morgan,Mark,343 Sloan Trail,San Bernardino,CA,mmark6a@ocn.ne.jp
228,136,Rozalin,Blodgett,670 Badeau Circle,Las Vegas,NV,rblodgett6b@nba.com
229,17,Rena,McTurk,93 Novick Drive,Cincinnati,OH,rmcturk6c@51.la
230,20,Ortensia,Tommeo,5 Maple Parkway,Lakewood,WA,otommeo6d@pinterest.com
231,114,Aylmar,Zielinski,94268 Londonderry Place,Gatesville,TX,azielinski6e@cisco.com
232,41,Irita,Linnitt,65004 2nd Court,Jersey City,NJ,ilinnitt6f@51.la
233,105,Bert,Halshaw,0 Dottie Place,Valley Forge,PA,bhalshaw6g@answers.com
234,146,Leigha,Lightning,9 Buell Park,Birmingham,AL,llightning6h@jiathis.com
235,102,Augy,Trippitt,32 Montana Parkway,Cleveland,OH,atrippitt6i@netscape.com
236,140,Idell,Simmig,38 Pankratz Avenue,San Jose,CA,isimmig6j@reference.com
237,5,Christyna,Dunsmuir,829 Mandrake Hill,Oakland,CA,cdunsmuir6k@cargocollective.com
238,53,Billi,Obey,55602 Atwood Way,Austin,TX,bobey6l@seattletimes.com
239,78,Sileas,Poyntz,0580 Texas Plaza,Indianapolis,IN,spoyntz6m@pen.io
240,146,Eden,Lortz,3170 Fair Oaks Alley,Memphis,TN,elortz6n@virginia.edu
241,53,Darell,Althrope,8578 Spenser Hill,San Diego,CA,dalthrope6o@vistaprint.com
242,23,Catherina,Macveigh,0 Village Lane,Sioux Falls,SD,cmacveigh6p@ebay.co.uk
243,115,Wendie,Bovey,8 Bonner Street,Montgomery,AL,wbovey6q@google.com.au
244,71,Danna,Pretsel,42 Bluejay Center,New York City,NY,dpretsel6r@123-reg.co.uk
245,124,Lacy,Hellewell,99 Colorado Hill,Cleveland,OH,lhellewell6s@msu.edu
246,2,Geoffrey,Royan,633 Oriole Alley,Houston,TX,groyan6t@clickbank.net
247,52,Blancha,Giacopelo,323 Arkansas Circle,Daytona Beach,FL,bgiacopelo6u@myspace.com
248,102,Shawnee,McElane,12101 Village Avenue,Sioux Falls,SD,smcelane6v@timesonline.co.uk
249,68,Odille,Radbone,3571 Blackbird Center,Brooklyn,NY,oradbone6w@seattletimes.com
250,80,Jasmina,Edgell,45914 Green Court,Fresno,CA,jedgell6x@istockphoto.com
251,115,Tabbatha,Jaze,3172 Aberg Center,New York City,NY,tjaze6y@kickstarter.com
252,1,Rita,Pawling,83939 Dawn Point,Raleigh,NC,rpawling6z@comsenz.com
253,44,Eachelle,Dullingham,24 Warner Way,Las Vegas,NV,edullingham70@naver.com
254,139,Arlen,Osmant,144 Del Sol Point,Winston Salem,NC,aosmant71@indiatimes.com
255,92,Montague,Carbett,898 Washington Trail,Harrisburg,PA,mcarbett72@google.com.au
256,15,Justinian,Cancellieri,3949 Jenifer Park,Anniston,AL,jcancellieri73@house.gov
257,141,Harmonie,Bulfit,3852 Golf Way,Longview,TX,hbulfit74@posterous.com
258,127,Ashlee,Heild,57774 Kings Plaza,Washington,DC,aheild75@yolasite.com
259,74,Donica,Girault,88 Spenser Avenue,New York City,NY,dgirault76@jugem.jp
260,51,Ceciley,Sheen,91 Cardinal Way,El Paso,TX,csheen77@vk.com
261,129,Leif,Hedingham,73 Bartillon Crossing,Richmond,VA,lhedingham78@tamu.edu
262,54,Toby,Macrow,170 Village Lane,Everett,WA,tmacrow79@blogtalkradio.com
263,132,Erwin,O'Doohaine,58478 Donald Pass,York,PA,eodoohaine7a@fastcompany.com
264,43,Theo,Mayward,39602 Garrison Park,Indianapolis,IN,tmayward7b@com.com
265,41,Lynea,Pinnington,5474 Anthes Point,New Orleans,LA,lpinnington7c@linkedin.com
266,6,Davin,Brimmacombe,2786 Crowley Way,Cincinnati,OH,dbrimmacombe7d@elegantthemes.com
267,111,Vivie,Lanmeid,320 Oneill Center,Brea,CA,vlanmeid7e@washington.edu
268,13,Ilaire,Fend,59 Lunder Court,Fort Wayne,IN,ifend7f@hugedomains.com
269,25,Olivette,Croom,5 Hollow Ridge Hill,Lake Worth,FL,ocroom7g@artisteer.com
270,144,Cello,Chilley,177 Carberry Place,Harrisburg,PA,cchilley7h@examiner.com
271,54,Celine,Dahler,2809 Fairview Way,Hartford,CT,cdahler7i@smugmug.com
272,48,Max,Tondeur,78 Packers Avenue,Los Angeles,CA,mtondeur7j@miitbeian.gov.cn
273,88,Hamnet,Dogg,14 Stephen Junction,Denver,CO,hdogg7k@ted.com
274,10,Phylis,Kruschev,925 Old Gate Place,Spokane,WA,pkruschev7l@etsy.com
275,68,Ches,Gennerich,5611 Reinke Alley,Albuquerque,NM,cgennerich7m@mit.edu
276,59,Darcy,Jellico,76987 Gerald Circle,Newton,MA,djellico7n@bbc.co.uk
277,52,Denna,Burlay,13 Red Cloud Hill,Fresno,CA,dburlay7o@weibo.com
278,129,Gallagher,Noni,70 Monument Crossing,Santa Fe,NM,gnoni7p@ox.ac.uk
279,55,Lek,Lenoir,4 Bashford Trail,Jacksonville,FL,llenoir7q@nyu.edu
280,156,Alessandro,Duffan,78274 Bluestem Road,Washington,DC,aduffan7r@nps.gov
281,101,Ossie,Raybould,497 Warrior Place,Salt Lake City,UT,oraybould7s@acquirethisname.com
282,17,Brandice,Kopps,8 Bobwhite Street,Concord,CA,bkopps7t@java.com
283,69,Ripley,O'Callaghan,7 Orin Parkway,Austin,TX,rocallaghan7u@123-reg.co.uk
284,54,Lynea,Mennithorp,43 Carioca Way,Norman,OK,lmennithorp7v@webnode.com
285,64,Ellen,Tomasino,594 Schmedeman Road,Orlando,FL,etomasino7w@washingtonpost.com
286,86,Brianna,Withinshaw,006 Oriole Parkway,Fresno,CA,bwithinshaw7x@sakura.ne.jp
287,104,Marielle,Jeannequin,9995 Sullivan Hill,York,PA,mjeannequin7y@typepad.com
288,26,Guy,Pareman,114 Montana Circle,Anchorage,AK,gpareman7z@opensource.org
289,41,Kyle,Coniff,0780 Continental Drive,Naples,FL,kconiff80@technorati.com
290,85,Ebba,Fender,1 Beilfuss Plaza,Chandler,AZ,efender81@fema.gov
291,24,Langsdon,Grand,2482 Marquette Hill,Durham,NC,lgrand82@cornell.edu
292,75,Ram,Conkie,1634 Gerald Point,San Jose,CA,rconkie83@loc.gov
293,138,Muire,Murname,315 Kingsford Pass,Philadelphia,PA,mmurname84@dmoz.org
294,95,Britni,Uccelli,11404 Maryland Court,Great Neck,NY,buccelli85@about.me
295,85,Cinnamon,Gillimgham,671 Brickson Park Alley,North Little Rock,AR,cgillimgham86@irs.gov
296,71,Wood,Bugg,74 Moland Center,San Antonio,TX,wbugg87@wp.com
297,99,Tina,Kennagh,0 Alpine Court,Savannah,GA,tkennagh88@accuweather.com
298,49,Fernanda,Spackman,5 Aberg Park,Irvine,CA,fspackman89@flickr.com
299,152,Gisella,Catenot,22461 Forest Plaza,Pittsburgh,PA,gcatenot8a@amazonaws.com
300,60,Remus,Pordal,8 Steensland Court,El Paso,TX,rpordal8b@topsy.com
